N,n_newtonGS_hessian,o_newtonGS_hessian
10,0.000018,0.000019
32,0.000155,0.000140
50,0.000356,0.000291
64,0.000572,0.000469
100,0.001368,0.001126
128,0.002231,0.001851
200,0.005390,0.004419
250,0.008516,0.006853
256,0.008875,0.007220
300,0.012085,0.009940
400,0.021396,0.017557
512,0.035030,0.028625
600,0.048241,0.039642
1000,0.133678,0.110053
1024,0.139914,0.115010
2000,0.531730,0.440782
2048,0.557280,0.460158
3000,1.194569,0.993850
4096,2.213310,1.842832
