N,n_newtonDefault_hessian,o_newtonDefault_hessian
10,0.000018,0.000020
32,0.000159,0.000132
50,0.000358,0.000299
64,0.000593,0.000483
100,0.001390,0.001148
128,0.002242,0.001860
200,0.005442,0.004469
250,0.008515,0.006945
256,0.008892,0.007302
300,0.012314,0.010064
400,0.021691,0.017844
512,0.033728,0.029154
600,0.047053,0.040036
1000,0.132747,0.111917
1024,0.135009,0.117525
2000,0.518715,0.449374
2048,0.546250,0.469988
3000,1.187288,1.010142
4096,2.189960,1.874145
