N,n_newtonGS,o_newtonGS
10,0.027769,0.027512
32,0.029038,0.028377
50,0.030576,0.029505
64,0.031594,0.030768
100,0.036098,0.060249
128,0.040713,0.039120
200,0.064170,0.059506
250,0.085135,0.075465
256,0.088098,0.078161
300,0.112493,0.098910
400,0.180242,0.155860
512,0.282110,0.233317
600,0.379856,0.326821
1000,1.035050,0.841464
1024,1.089552,0.880451
2000,4.137260,3.380408
2048,4.341661,3.435431
3000,9.286845,7.561091
4096,17.401640,13.581850
