N,n_newtonDefault_gradient,o_newtonDefault_gradient
10,0.000005,0.000005
32,0.000008,0.000008
50,0.000011,0.000010
64,0.000012,0.000012
100,0.000016,0.000016
128,0.000020,0.000020
200,0.000030,0.000028
250,0.000036,0.000034
256,0.000038,0.000035
300,0.000043,0.000040
400,0.000055,0.000052
512,0.000069,0.000070
600,0.000094,0.000075
1000,0.000140,0.000150
1024,0.000143,0.000139
2000,0.000263,0.000251
2048,0.000270,0.000267
3000,0.000406,0.000378
4096,0.000545,0.000514
