N,n_newtonGS_gradient,o_newtonGS_gradient
10,0.000004,0.000007
32,0.000008,0.000009
50,0.000010,0.000012
64,0.000012,0.000014
100,0.000017,0.000018
128,0.000020,0.000021
200,0.000029,0.000029
250,0.000035,0.000035
256,0.000037,0.000036
300,0.000043,0.000040
400,0.000055,0.000052
512,0.000069,0.000065
600,0.000081,0.000076
1000,0.000136,0.000125
1024,0.000137,0.000129
2000,0.000261,0.000242
2048,0.000268,0.000254
3000,0.000391,0.000364
4096,0.000530,0.000501
