N,n_newtonGS_gradient,o_newtonGS_gradient
10,0.000004,0.000006
32,0.000008,0.000009
50,0.000011,0.000011
64,0.000012,0.000013
100,0.000017,0.000017
128,0.000020,0.000022
200,0.000029,0.000029
250,0.000035,0.000034
256,0.000036,0.000035
300,0.000042,0.000041
400,0.000054,0.000052
512,0.000068,0.000065
600,0.000080,0.000075
1000,0.000134,0.000125
1024,0.000137,0.000129
2000,0.000259,0.000244
2048,0.000264,0.000260
3000,0.000390,0.000384
4096,0.000525,0.000493
