N,n_newtonGS_hessian,o_newtonGS_hessian
10,0.000019,
32,0.000156,
50,0.000357,
64,0.000572,
