N,n_newtonDefault_hessian,o_newtonDefault_hessian
10,0.000018,0.000022
32,0.000157,0.000130
50,0.000361,0.000318
64,0.000581,0.000486
100,0.001397,0.001118
128,0.002249,0.001931
200,0.005435,0.004462
250,0.008508,0.007137
256,0.008978,0.007405
300,0.012304,0.009919
400,0.021718,0.017565
512,0.035454,0.029491
600,0.048795,0.040098
1000,0.135744,0.111076
1024,0.142319,0.117116
2000,0.540169,0.433050
2048,0.566606,0.462888
3000,1.212000,0.971134
4096,2.254560,1.837552
