N,n_newtonDefault_hessian,o_newtonDefault_hessian
10,0.000030,0.000028
32,0.000155,0.000138
50,0.000360,0.000335
64,0.000580,0.000490
100,0.001399,0.001164
