N,n_newtonGS_solver,o_newtonGS_solver
10,0.000126,
32,0.000759,
50,0.001781,
64,0.002844,
