N,n_newtonDefault,o_newtonDefault
10,0.040847,
32,0.028009,
50,0.028730,
64,0.029430,
