N,n_newtonGS_hessian,o_newtonGS_hessian
10,0.000018,0.000018
32,0.000155,0.000129
50,0.000357,0.000292
64,0.000573,0.000470
100,0.001366,0.001123
128,0.002236,0.001811
200,0.005436,0.004477
250,0.008603,0.006881
256,0.008752,0.007248
300,0.012074,0.009836
400,0.021482,0.017502
512,0.035083,0.028698
600,0.048194,0.039452
1000,0.133685,0.110110
1024,0.140353,0.115450
2000,0.531711,0.441195
2048,0.556417,0.461932
3000,1.194317,0.990992
4096,2.196413,1.846525
