N,n_newtonGS_solver,o_newtonGS_solver
10,0.000126,0.000120
32,0.000863,0.000594
50,0.001776,0.001497
64,0.002881,0.002470
100,0.006799,0.032462
128,0.011367,0.010381
200,0.030022,0.026972
250,0.048532,0.040540
256,0.050827,0.042687
300,0.071420,0.060768
400,0.130208,0.110366
512,0.217869,0.177115
600,0.302115,0.259037
1000,0.870333,0.704662
1024,0.918491,0.738732
2000,3.576323,2.908386
2048,3.754006,2.947826
3000,8.058382,6.534853
4096,15.160740,11.705610
