N,n_newtonDefault_hessian,o_newtonDefault_hessian
10,0.000031,
32,0.000136,
50,0.000318,
64,0.000489,
100,0.001166,
