N,n_newtonDefault,o_newtonDefault
10,0.026848,0.026245
32,0.028460,0.028001
50,0.029301,0.029051
64,0.030161,0.030683
100,0.034522,0.037436
128,0.039992,0.046746
200,0.067120,0.098721
250,0.102347,0.163937
256,0.109637,0.175607
300,0.156166,0.266420
400,0.317408,0.578711
512,0.616981,1.159348
600,0.947929,1.805251
1000,5.342043,9.423122
1024,6.117524,10.478020
2000,63.610860,92.482420
2048,70.048800,100.294000
3000,228.448700,323.690200
4096,584.730600,824.693100
