N,n_newtonGS_solver,o_newtonGS_solver
10,0.000126,
32,0.000759,
50,0.001813,
64,0.002879,
100,0.006790,
128,0.011402,
200,0.029881,
250,0.048394,
256,0.050744,
300,0.071406,
400,0.130103,
512,0.217841,
600,0.302511,
1000,0.871172,
1024,0.919184,
2000,3.573772,
2048,3.749818,
3000,8.054134,
4096,15.141460,
