N,n_newtonDefault_hessian,o_newtonDefault_hessian
10,0.000019,0.000021
32,0.000159,0.000132
50,0.000361,0.000297
64,0.000581,0.000482
100,0.001397,0.001145
128,0.002249,0.001935
200,0.005439,0.004654
250,0.008556,0.007093
256,0.008993,0.007324
300,0.012321,0.010052
400,0.021765,0.017771
512,0.035607,0.029180
600,0.048829,0.040132
1000,0.135880,0.112313
1024,0.142343,0.117910
2000,0.540292,0.449485
2048,0.566824,0.470823
3000,1.212636,1.009565
4096,2.244412,1.880130
