N,n_newtonGS_hessian,o_newtonGS_hessian
10,0.000017,0.000022
32,0.000163,0.000131
50,0.000369,0.000297
64,0.000571,0.000482
100,0.001364,0.001123
128,0.002218,0.001819
200,0.005414,0.004405
250,0.008382,0.006872
256,0.009022,0.007170
300,0.011997,0.009916
400,0.021363,0.017514
512,0.035063,0.028709
600,0.048209,0.039341
1000,0.133677,0.111219
1024,0.139871,0.116395
2000,0.532263,0.441647
2048,0.557278,0.463050
3000,1.193880,0.991646
4096,2.221529,1.846959
