N,n_newtonDefault,o_newtonDefault
10,0.041212,
32,0.028316,
50,0.029379,
64,0.030760,
100,0.037721,
