N,n_newtonDefault_solver,o_newtonDefault_solver
10,0.000045,
32,0.000265,
50,0.000741,
64,0.001344,
100,0.004721,
128,0.009665,
200,0.033189,
250,0.065685,
256,0.072519,
300,0.113099,
400,0.267429,
512,0.553319,
600,0.868992,
1000,5.007695,
1024,5.772968,
2000,62.862390,
2048,70.175070,
3000,225.526000,
4096,577.034800,
