N,n_newtonDefault_solver,o_newtonDefault_solver
10,0.000031,0.000029
32,0.000269,0.000268
50,0.000748,0.000751
64,0.001335,0.001385
100,0.004804,0.004704
128,0.009579,0.009559
200,0.033427,0.034608
250,0.066281,0.065790
256,0.073456,0.070650
300,0.113881,0.113375
400,0.267681,0.268634
512,0.554046,0.571440
600,0.870105,0.869539
1000,5.216595,5.209790
1024,6.039218,5.767887
2000,63.481080,63.027980
2048,69.942210,69.443290
3000,229.684900,227.350200
4096,578.218100,587.395400
