N,n_newtonGS_hessian,o_newtonGS_hessian
10,0.000021,
32,0.000158,
50,0.000360,
64,0.000591,
