N,n_newtonGS_gradient,o_newtonGS_gradient
10,0.000005,0.000010
32,0.000009,0.000013
50,0.000011,0.000016
64,0.000012,0.000018
100,0.000017,0.000026
128,0.000020,0.000030
200,0.000029,0.000040
250,0.000036,0.000047
256,0.000037,0.000048
300,0.000042,0.000069
400,0.000054,0.000069
512,0.000069,0.000101
600,0.000079,0.000100
1000,0.000134,0.000180
1024,0.000139,0.000167
2000,0.000261,0.000320
2048,0.000267,0.000326
3000,0.000389,0.000467
4096,0.000529,0.000629
