N,n_newtonDefault_gradient,o_newtonDefault_gradient
10,0.000006,0.000006
32,0.000009,0.000008
50,0.000012,0.000011
64,0.000014,0.000012
100,0.000018,0.000017
128,0.000021,0.000020
200,0.000032,0.000028
250,0.000038,0.000034
256,0.000039,0.000035
300,0.000046,0.000039
400,0.000066,0.000051
512,0.000072,0.000064
600,0.000083,0.000077
1000,0.000141,0.000128
1024,0.000143,0.000133
2000,0.000267,0.000251
2048,0.000273,0.000263
3000,0.000403,0.000379
4096,0.000544,0.000531
