N,n_newtonGS_gradient,o_newtonGS_gradient
10,0.000005,
32,0.000008,
50,0.000010,
64,0.000012,
100,0.000016,
128,0.000020,
200,0.000029,
250,0.000035,
256,0.000036,
300,0.000042,
400,0.000054,
512,0.000068,
600,0.000080,
1000,0.000132,
1024,0.000136,
2000,0.000259,
2048,0.000267,
3000,0.000385,
4096,0.000524,
