N,n_newtonDefault,o_newtonDefault
10,0.026747,0.026562
32,0.028538,0.028581
50,0.029008,0.029463
64,0.029893,0.030635
100,0.034139,0.037768
128,0.039863,0.046935
200,0.066629,0.096306
250,0.102568,0.161957
256,0.109431,0.172099
300,0.153727,0.256723
400,0.317322,0.559131
512,0.616995,1.119829
600,0.948311,1.759164
1000,5.141403,8.968539
1024,5.900631,9.748392
2000,63.190830,91.907970
2048,69.572870,98.400530
3000,229.581300,325.540900
4096,572.381200,806.881500
