N,n_newtonGS,o_newtonGS
10,0.027594,
32,0.028271,
50,0.029719,
64,0.030846,
