N,n_newtonDefault_hessian,o_newtonDefault_hessian
10,0.000019,0.000019
32,0.000156,0.000137
50,0.000360,0.000318
64,0.000593,0.000488
100,0.001385,0.001163
128,0.002349,0.001915
200,0.005436,0.004459
250,0.008557,0.007241
256,0.008965,0.007290
300,0.012207,0.009902
400,0.021637,0.017501
512,0.035456,0.028699
600,0.048880,0.039429
1000,0.135726,0.109159
1024,0.142911,0.114842
2000,0.540047,0.437538
2048,0.566101,0.463588
3000,1.210758,0.990009
4096,2.252885,1.829428
