N,n_newtonDefault,o_newtonDefault
10,0.027127,0.026499
32,0.028624,0.028069
50,0.029172,0.028777
64,0.030403,0.029700
100,0.034391,0.033665
128,0.040335,0.036479
200,0.066878,0.067196
250,0.102187,0.101016
256,0.110725,0.107887
300,0.154576,0.151611
400,0.318342,0.314780
512,0.617819,0.627553
600,0.952607,0.939647
1000,5.591708,5.348667
1024,6.388491,6.203425
2000,63.857020,63.426010
2048,70.158230,69.822070
3000,228.575700,228.227100
4096,585.767300,591.845300
