N,n_newtonGS_solver,o_newtonGS_solver
10,0.000122,
32,0.000624,
50,0.001439,
64,0.002497,
100,0.032343,
