N,n_newtonDefault_gradient,o_newtonDefault_gradient
10,0.000007,0.000006
32,0.000009,0.000009
50,0.000012,0.000011
64,0.000013,0.000012
100,0.000018,0.000016
128,0.000021,0.000020
200,0.000031,0.000054
250,0.000037,0.000036
256,0.000038,0.000035
300,0.000044,0.000041
400,0.000056,0.000051
512,0.000070,0.000066
600,0.000081,0.000076
1000,0.000141,0.000129
1024,0.000155,0.000132
2000,0.000266,0.000250
2048,0.000288,0.000259
3000,0.000407,0.000379
4096,0.000564,0.000532
