N,n_newtonDefault,o_newtonDefault
10,0.026900,0.026640
32,0.028359,0.028624
50,0.028995,0.029212
64,0.029972,0.029937
100,0.034326,0.034228
128,0.040022,0.036688
200,0.068344,0.065846
250,0.102450,0.101392
256,0.110597,0.107057
300,0.153679,0.152085
400,0.318043,0.314219
512,0.619388,0.627293
600,0.947836,0.939176
1000,5.332801,5.265369
1024,6.080808,5.947812
2000,63.715500,63.289540
2048,70.619100,69.660980
3000,227.115400,228.177100
4096,575.902300,587.070000
