N,n_newtonDefault_gradient,o_newtonDefault_gradient
10,0.000005,0.000010
32,0.000008,0.000013
50,0.000011,0.000016
64,0.000012,0.000018
100,0.000017,0.000025
128,0.000020,0.000029
200,0.000030,0.000039
250,0.000036,0.000046
256,0.000037,0.000048
300,0.000057,0.000056
400,0.000054,0.000070
512,0.000069,0.000087
600,0.000079,0.000103
1000,0.000140,0.000183
1024,0.000152,0.000187
2000,0.000265,0.000327
2048,0.000272,0.000339
3000,0.000405,0.000484
4096,0.000576,0.000655
