N,n_newtonGS_hessian,o_newtonGS_hessian
10,0.000018,0.000019
32,0.000164,0.000135
50,0.000358,0.000314
64,0.000576,0.000501
100,0.001393,0.001130
128,0.002220,0.001861
200,0.005393,0.004385
250,0.008391,0.007162
256,0.009005,0.007143
300,0.012051,0.009765
400,0.021487,0.017306
512,0.035137,0.028429
600,0.048101,0.038768
1000,0.133533,0.107357
1024,0.140012,0.112299
2000,0.531613,0.427927
2048,0.557929,0.449950
3000,1.193960,0.965992
4096,2.220953,1.792079
