N,n_newtonDefault_gradient,o_newtonDefault_gradient
10,0.000006,0.000006
32,0.000007,0.000008
50,0.000010,0.000011
64,0.000012,0.000012
100,0.000017,0.000016
128,0.000020,0.000020
200,0.000031,0.000027
250,0.000036,0.000034
256,0.000037,0.000034
300,0.000043,0.000039
400,0.000056,0.000051
512,0.000070,0.000064
600,0.000083,0.000074
1000,0.000144,0.000127
1024,0.000144,0.000132
2000,0.000272,0.000248
2048,0.000274,0.000275
3000,0.000407,0.000376
4096,0.000554,0.000515
