N,n_newtonDefault_gradient,o_newtonDefault_gradient
10,0.000008,
32,0.000008,
50,0.000011,
64,0.000012,
100,0.000017,
