N,n_newtonDefault_gradient,o_newtonDefault_gradient
10,0.000004,0.000006
32,0.000008,0.000009
50,0.000019,0.000011
64,0.000012,0.000013
100,0.000016,0.000016
128,0.000020,0.000021
200,0.000029,0.000029
250,0.000035,0.000035
256,0.000036,0.000036
300,0.000043,0.000041
400,0.000054,0.000053
512,0.000069,0.000066
600,0.000083,0.000077
1000,0.000137,0.000131
1024,0.000143,0.000135
2000,0.000266,0.000250
2048,0.000273,0.000261
3000,0.000421,0.000379
4096,0.000549,0.000524
