N,n_newtonGS_solver,o_newtonGS_solver
10,0.000127,0.000120
32,0.000760,0.000595
50,0.001778,0.001438
64,0.002882,0.002502
100,0.006828,0.032336
