N,n_newtonDefault_hessian,o_newtonDefault_hessian
10,0.000028,
32,0.000156,
50,0.000362,
64,0.000582,
100,0.001389,
128,0.002251,
200,0.005724,
250,0.008524,
256,0.008939,
300,0.012225,
400,0.021710,
512,0.035474,
600,0.048760,
1000,0.135833,
1024,0.142323,
2000,0.541092,
2048,0.566251,
3000,1.212380,
4096,2.253573,
