N,n_newtonDefault_solver,o_newtonDefault_solver
10,0.000032,0.000040
32,0.000268,0.000429
50,0.000762,0.001231
64,0.001334,0.002435
100,0.004809,0.008691
128,0.009423,0.017828
200,0.033904,0.066510
250,0.065540,0.128595
256,0.072292,0.140383
300,0.115061,0.228325
400,0.267322,0.533206
512,0.553250,1.101803
600,0.870575,1.736921
1000,5.175171,9.281583
1024,5.944192,10.329820
2000,63.038220,92.017860
2048,69.449350,99.799890
3000,227.203900,322.686600
4096,582.443800,822.823500
