N,n_newtonGS,o_newtonGS
10,0.027641,0.027811
32,0.029016,0.028605
50,0.030097,0.029865
64,0.031368,0.030959
100,0.036179,0.060523
128,0.040639,0.039421
200,0.063757,0.059684
250,0.085389,0.075751
256,0.087917,0.078148
300,0.112177,0.099007
400,0.180292,0.155586
512,0.282398,0.233546
600,0.379356,0.326935
1000,1.034454,0.844223
1024,1.089133,0.882985
2000,4.136129,3.382731
2048,4.340569,3.437201
3000,9.285732,7.554323
4096,17.385250,13.613260
