N,n_newtonDefault,o_newtonDefault
10,0.041510,0.038936
32,0.028615,0.028498
50,0.029297,0.029646
64,0.030020,0.031044
100,0.034226,0.037947
