N,n_newtonGS_gradient,o_newtonGS_gradient
10,0.000006,0.000006
32,0.000009,0.000008
50,0.000012,0.000012
64,0.000013,0.000012
100,0.000018,0.000018
