N,n_newtonDefault_solver,o_newtonDefault_solver
10,0.000062,
32,0.000425,
50,0.001253,
64,0.002322,
100,0.008682,
