N,n_newtonGS,o_newtonGS
10,0.028196,0.028075
32,0.028941,0.028658
50,0.030472,0.029662
64,0.031447,0.031038
100,0.036140,0.060372
