N,n_newtonDefault,o_newtonDefault
10,0.026060,
32,0.027672,
50,0.028237,
64,0.029230,
