N,n_newtonDefault,o_newtonDefault
10,0.026567,0.026651
32,0.029059,0.028153
50,0.029149,0.029223
64,0.029664,0.030869
100,0.034739,0.033998
128,0.039780,0.036752
200,0.067026,0.066856
250,0.103026,0.100709
256,0.110615,0.106375
300,0.154338,0.151735
400,0.317554,0.314833
512,0.617834,0.629842
600,0.947362,0.937956
1000,5.383217,5.353920
1024,6.212440,5.918258
2000,64.052710,63.509590
2048,70.540530,69.946820
3000,230.928700,228.391400
4096,580.503700,589.311300
