N,n_newtonGS_gradient,o_newtonGS_gradient
10,0.000005,0.000006
32,0.000009,0.000009
50,0.000012,0.000012
64,0.000013,0.000013
100,0.000018,0.000017
128,0.000021,0.000020
200,0.000031,0.000029
250,0.000038,0.000035
256,0.000037,0.000035
300,0.000046,0.000040
400,0.000056,0.000052
512,0.000070,0.000064
600,0.000082,0.000076
1000,0.000135,0.000124
1024,0.000137,0.000127
2000,0.000263,0.000241
2048,0.000269,0.000252
3000,0.000389,0.000360
4096,0.000527,0.000496
