N,n_newtonGS_hessian,o_newtonGS_hessian
10,0.000018,
32,0.000135,
50,0.000315,
64,0.000480,
100,0.001132,
