N,n_newtonGS_gradient,o_newtonGS_gradient
10,0.000007,0.000006
32,0.000010,0.000009
50,0.000012,0.000012
64,0.000014,0.000013
100,0.000019,0.000017
128,0.000022,0.000020
200,0.000032,0.000028
250,0.000038,0.000035
256,0.000038,0.000035
300,0.000044,0.000041
400,0.000056,0.000051
512,0.000070,0.000066
600,0.000081,0.000076
1000,0.000135,0.000124
1024,0.000138,0.000126
2000,0.000261,0.000245
2048,0.000268,0.000250
3000,0.000389,0.000356
4096,0.000534,0.000493
