N,n_newtonDefault_solver,o_newtonDefault_solver
10,0.000034,0.000031
32,0.000271,0.000271
50,0.000744,0.000744
64,0.001348,0.001343
100,0.004714,0.004717
128,0.009582,0.009402
200,0.034860,0.033399
250,0.065342,0.066213
256,0.073171,0.071352
300,0.112939,0.113687
400,0.267836,0.268189
512,0.555137,0.569835
600,0.870333,0.870576
1000,5.165848,5.122286
1024,5.907372,5.799247
2000,63.142690,62.808610
2048,70.020920,69.158840
3000,225.870300,227.135600
4096,573.625500,585.157600
