N,n_newtonDefault_gradient,o_newtonDefault_gradient
10,0.000007,
32,0.000008,
50,0.000010,
64,0.000012,
100,0.000016,
128,0.000020,
200,0.000029,
250,0.000035,
256,0.000036,
300,0.000042,
400,0.000054,
512,0.000068,
600,0.000080,
1000,0.000137,
1024,0.000140,
2000,0.000265,
2048,0.000271,
3000,0.000403,
4096,0.000558,
