N,n_newtonGS,o_newtonGS
10,0.025882,
32,0.028698,
50,0.030228,
64,0.031339,
100,0.035837,
128,0.040099,
200,0.063181,
250,0.084836,
256,0.087418,
300,0.111333,
400,0.179570,
512,0.281036,
600,0.378957,
1000,1.033299,
1024,1.087960,
2000,4.134655,
2048,4.336964,
3000,9.278296,
4096,17.392580,
