N,n_newtonGS,o_newtonGS
10,0.027618,0.027496
32,0.029781,0.028660
50,0.030173,0.029701
64,0.031505,0.031114
100,0.035957,0.060453
128,0.040677,0.039372
200,0.063347,0.059737
250,0.085017,0.075759
256,0.087886,0.078094
300,0.111568,0.099269
400,0.179969,0.156293
512,0.281272,0.234206
600,0.378795,0.326999
1000,1.033032,0.844935
1024,1.087392,0.884378
2000,4.138193,3.379830
2048,4.341002,3.440492
3000,9.282244,7.556893
4096,17.412470,13.583040
