N,n_newtonGS,o_newtonGS
10,0.027799,
32,0.028454,
50,0.029536,
64,0.030867,
100,0.060230,
