N,n_newtonGS_hessian,o_newtonGS_hessian
10,0.000017,0.000019
32,0.000156,0.000136
50,0.000357,0.000316
64,0.000573,0.000481
100,0.001389,0.001129
