N,n_newtonDefault_solver,o_newtonDefault_solver
10,0.000032,0.000039
32,0.000270,0.000449
50,0.000748,0.001248
64,0.001345,0.002380
100,0.004735,0.008653
128,0.009509,0.017828
200,0.033585,0.063986
250,0.065815,0.126592
256,0.072290,0.136849
300,0.113220,0.218526
400,0.267400,0.513491
512,0.553177,1.062883
600,0.871041,1.691283
1000,4.974922,8.828918
1024,5.726817,9.603054
2000,62.618370,91.438000
2048,68.975050,97.905240
3000,228.336900,324.516400
4096,570.092600,805.015600
