N,n_newtonGS_gradient,o_newtonGS_gradient
10,0.000007,
32,0.000010,
50,0.000013,
64,0.000014,
