N,n_newtonDefault_hessian,o_newtonDefault_hessian
10,0.000018,0.000023
32,0.000155,0.000133
50,0.000380,0.000302
64,0.000582,0.000502
100,0.001387,0.001172
128,0.002251,0.001858
200,0.005571,0.004474
250,0.008536,0.006957
256,0.008892,0.007337
300,0.012299,0.010143
400,0.021685,0.017812
512,0.035527,0.029240
600,0.048840,0.040063
1000,0.135863,0.113385
1024,0.142253,0.118893
2000,0.540036,0.449953
2048,0.566352,0.471586
3000,1.211429,1.008931
4096,2.253684,1.883181
