N,n_newtonGS_solver,o_newtonGS_solver
10,0.000126,
32,0.000760,
50,0.001806,
64,0.002853,
