N,n_newtonGS,o_newtonGS
10,0.026772,
32,0.028187,
50,0.029361,
64,0.030716,
