N,n_newtonGS,o_newtonGS
10,0.027739,0.026997
32,0.029009,0.028287
50,0.030145,0.029360
64,0.031487,0.030453
100,0.036065,0.060113
128,0.040511,0.039348
200,0.063661,0.059220
250,0.085139,0.075992
256,0.088202,0.078009
300,0.112325,0.098554
400,0.180491,0.155246
512,0.281440,0.232783
600,0.379480,0.326763
1000,1.033995,0.841533
1024,1.087875,0.880897
2000,4.139655,3.363070
2048,4.340889,3.429708
3000,9.289582,7.518255
4096,17.400800,13.549460
