N,n_newtonDefault_solver,o_newtonDefault_solver
10,0.000064,0.000060
32,0.000275,0.000429
50,0.000747,0.001237
64,0.001324,0.002396
100,0.004754,0.008675
