N,n_newtonGS_hessian,o_newtonGS_hessian
10,0.000017,
32,0.000155,
50,0.000358,
64,0.000574,
100,0.001392,
128,0.002234,
200,0.005413,
250,0.008393,
256,0.008955,
300,0.012118,
400,0.021445,
512,0.035157,
600,0.048156,
1000,0.133539,
1024,0.139821,
2000,0.531801,
2048,0.557378,
3000,1.194359,
4096,2.221141,
