N,n_newtonDefault_gradient,o_newtonDefault_gradient
10,0.000009,0.000009
32,0.000008,0.000009
50,0.000011,0.000012
64,0.000012,0.000013
100,0.000017,0.000018
